"school_name_x","School Code","Number of Rating","Overall Quality","Reputation","Facilities","Opportunities","Clubs","Safety","Happiness","Social","school_name_y","place_id","overall_rating","number_of_review","accurate_address","matching_substring","CA Student Undergraduate","CA Student Graduate","International Student Undergraduate","International Student Graduate","Image Source"
"University of Toronto","/school/12184","121 Ratings","3.2","4.0","3.3","3.2","3.1","3.1","2.7","2.6","University of Toronto","ChIJm_0x87g0K4gR93ZadrabHY0","4.4","1859.0","27 King's College Cir, Toronto, ON M5S 1A1, Canada","University of Toronto","$6,100 - $11,760","$6,210 - $10,350","$41,540 - $61,350","$6,210 - $43,990","https://www.universitystudy.ca/wp-content/uploads/2019/04/toronto-color-blue-stacked-logo_200px.png"
"University of Toronto at Scarborough","/school/4919","227 Ratings","3.2","4.1","3.1","3.4","3.0","3.6","3.4","2.7","University of Toronto at Scarborough","ChIJf9Wrt2_a1IkRrHuIaQFuZbs","4.3","423.0","1265 Military Trail, Scarborough, ON M1C 1A4, Canada","University of Toronto","$6,100 - $11,760","$6,210 - $10,350","$41,540 - $61,350","$6,210 - $43,990","https://www.universitystudy.ca/wp-content/uploads/2019/04/toronto-color-blue-stacked-logo_200px.png"
"University of Toronto at Mississauga","/school/4928","326 Ratings","3.4","4.3","3.7","3.4","2.8","4.4","3.5","2.7","University of Toronto at Mississauga","ChIJA_JaE-NDK4gRkvS5ZogWPHE","4.5","769.0","3359 Mississauga Rd, Mississauga, ON L5L 1C6, Canada","University of Toronto","$6,100 - $11,760","$6,210 - $10,350","$41,540 - $61,350","$6,210 - $43,990","https://www.universitystudy.ca/wp-content/uploads/2019/04/toronto-color-blue-stacked-logo_200px.png"
"University of Toronto - Rotman School of Mgmt","/school/5281","17 Ratings","4.2","4.5","4.2","4.3","4.0","4.5","4.5","3.9","University of Toronto - Rotman School of Mgmt","ChIJr-hoO7w0K4gR5VYnUTXXxmU","4.5","99.0","105 St George St, Toronto, ON M5S 3E6, Canada","University of Toronto","$6,100 - $11,760","$6,210 - $10,350","$41,540 - $61,350","$6,210 - $43,990","https://www.universitystudy.ca/wp-content/uploads/2019/04/toronto-color-blue-stacked-logo_200px.png"
"University of Toronto - St. George Campus","/school/1484","488 Ratings","3.6","4.4","3.9","3.7","3.4","3.9","3.2","2.9","University of Toronto - St. George Campus","ChIJm_0x87g0K4gR93ZadrabHY0","4.4","1859.0","27 King's College Cir, Toronto, ON M5S 1A1, Canada","University of Toronto","$6,100 - $11,760","$6,210 - $10,350","$41,540 - $61,350","$6,210 - $43,990","https://www.universitystudy.ca/wp-content/uploads/2019/04/toronto-color-blue-stacked-logo_200px.png"
"Trinity College in the University of Toronto","/school/17242","","","","","","","","","","Trinity College in the University of Toronto","ChIJzQd-DLw0K4gRoqqSLgWbDtE","4.6","82.0","6 Hoskin Ave, Toronto, ON M5S 1H8, Canada","University of Toronto","$6,100 - $11,760","$6,210 - $10,350","$41,540 - $61,350","$6,210 - $43,990","https://www.universitystudy.ca/wp-content/uploads/2019/04/toronto-color-blue-stacked-logo_200px.png"
"University of St. Michael's College in the University of Toronto","/school/5684","","","","","","","","","","University of St. Michael's College in the University of Toronto","ChIJmUbv9rA0K4gRN0E20uZ_Gyg","4.3","41.0","81 St Mary St, Toronto, ON M5S 1J4, Canada","University of Toronto","$6,100 - $11,760","$6,210 - $10,350","$41,540 - $61,350","$6,210 - $43,990","https://www.universitystudy.ca/wp-content/uploads/2019/04/toronto-color-blue-stacked-logo_200px.png"
"McGill University","/school/1439","593 Ratings","4.0","4.6","4.0","4.0","4.0","4.2","4.1","4.1","McGill University","ChIJNZYPUUYayUwRdK6kAJLa5N0","4.5","1191.0","845 Rue Sherbrooke O, Montréal, QC H3A 0G4, Canada","McGill University","$2,797 - $8,730","$2,797 - $8,730","$19,886 - $31,500","$17,193 - $27,011","https://www.universitystudy.ca/wp-content/uploads/2019/04/mcgill_color-red_logo_200px-1.png"
"University of Waterloo","/school/1490","697 Ratings","3.7","4.5","3.5","4.3","3.4","4.0","3.9","2.9","University of Waterloo","ChIJ_8ztAq32K4gRF44mljnynd0","4.3","1002.0","200 University Ave W, Waterloo, ON N2L 3G1, Canada","University of Waterloo","$6,128 - $7,618","$3,504 - $4,508","$34,234 - $46,772","$4,380 - $15,392","https://www.universitystudy.ca/wp-content/uploads/2019/04/waterloo_color-horizontal-logo_200px.png"
"Simon Fraser University","/school/1482","566 Ratings","3.3","3.7","3.4","3.5","3.1","3.5","3.4","2.9","Simon Fraser University","ChIJJyJ6hcB5hlQRW7Uwbj9sUAA","4.2","898.0","8888 University Dr W, Burnaby, BC V5A 1S6, Canada","Simon Fraser University","$6,114","$4,051","$27,895 - $31,775","$4,051","https://www.universitystudy.ca/wp-content/uploads/2019/04/simon-fraser-color-red-horizontal-logo_200px.jpg"
"Simon Fraser University - Surrey","/school/4267","31 Ratings","3.5","3.7","3.8","3.5","2.6","2.7","4.2","2.9","Simon Fraser University - Surrey","ChIJVWLXWNPZhVQRbGogBYEKzCc","4.5","155.0","13450 102 Ave #250, Surrey, BC V3T 0A3, Canada","Simon Fraser University","$6,114","$4,051","$27,895 - $31,775","$4,051","https://www.universitystudy.ca/wp-content/uploads/2019/04/simon-fraser-color-red-horizontal-logo_200px.jpg"
"Simon Fraser University - Woodwards","/school/14977","1 Ratings","0.0","4.0","3.0","5.0","2.0","0.0","3.0","3.0","Simon Fraser University - Woodwards","ChIJH6RQmnlxhlQRbx11FvnxtoI","4.8","4.0","149 W Hastings St, Vancouver, BC V6B 1H7, Canada","Simon Fraser University","$6,114","$4,051","$27,895 - $31,775","$4,051","https://www.universitystudy.ca/wp-content/uploads/2019/04/simon-fraser-color-red-horizontal-logo_200px.jpg"
"Simon Fraser University Harbour Centre","/school/5788","4 Ratings","0.0","3.8","3.5","3.8","3.0","0.0","4.3","2.3","Simon Fraser University Harbour Centre","ChIJmX-DYHhxhlQRmkGUBgu3OMo","4.5","85.0","515 W Hastings St, Vancouver, BC V6B 5K3, Canada","Simon Fraser University","$6,114","$4,051","$27,895 - $31,775","$4,051","https://www.universitystudy.ca/wp-content/uploads/2019/04/simon-fraser-color-red-horizontal-logo_200px.jpg"
"University of Alberta","/school/1407","695 Ratings","3.7","4.1","3.8","3.6","3.5","4.1","3.7","3.3","University of Alberta (Edmonton)","ChIJoxCPYfUhoFMRE7JXmPJlW8s","4.4","1489.0","116 St & 85 Ave, Edmonton, AB T6G 2R3, Canada","University of Alberta","$6,091","$4,287","$29,500","$11,186","https://www.universitystudy.ca/wp-content/uploads/2019/04/Alberta-colour-logo_280-2.jpg"
"University of Alberta","/school/19077","","","","","","","","","","University of Alberta (Augustana)","ChIJwaDBg9e7ClMRjljV9WGn_Ac","4.7","40.0","Founders' Hall, 4901 46 Ave, Camrose, AB T4V 2R3, Canada","University of Alberta","$6,091","$4,287","$29,500","$11,186","https://www.universitystudy.ca/wp-content/uploads/2019/04/Alberta-colour-logo_280-2.jpg"
"Augustana Campus, University of Alberta","/school/1409","47 Ratings","4.0","4.1","4.2","3.6","3.4","4.7","4.1","3.7","Augustana Campus, University of Alberta","ChIJwaDBg9e7ClMRjljV9WGn_Ac","4.7","40.0","Founders' Hall, 4901 46 Ave, Camrose, AB T4V 2R3, Canada","University of Alberta","$6,091","$4,287","$29,500","$11,186","https://www.universitystudy.ca/wp-content/uploads/2019/04/Alberta-colour-logo_280-2.jpg"
"Alberta University of the Arts","/school/4235","61 Ratings","2.7","3.0","2.4","2.8","2.1","3.4","3.2","2.6","Alberta University of the Arts","ChIJfwFXEJNvcVMRxgonbK8uyZE","4.1","73.0","1407 14 Ave NW, Calgary, AB T2N 4R3, Canada","","","","","",""
"University of Calgary","/school/1416","713 Ratings","3.3","3.4","3.3","3.3","3.4","4.1","3.2","3.1","University of Calgary","ChIJsbMcSLd9cVMR-wPI46n0rzY","4.2","765.0","2500 University Dr NW, Calgary, AB T2N 1N4, Canada","University of Calgary","$6,598","$3,533 - $8,756","$24,408","$8,243 - $21,597","https://www.universitystudy.ca/wp-content/uploads/2018/08/uCalgary-2.jpg"
"University of Calgary School of Public Policy","/school/18207","","","","","","","","","","University of Calgary School of Public Policy","ChIJVVWVueZvcVMRXDBAg_U1-iA","","","906 8 Ave SW 5th floor, Calgary, AB T2P 1H9, Canada","University of Calgary","$6,598","$3,533 - $8,756","$24,408","$8,243 - $21,597","https://www.universitystudy.ca/wp-content/uploads/2018/08/uCalgary-2.jpg"
"York University -  Keele Campus","/school/1495","677 Ratings","3.4","3.2","3.5","3.4","3.5","2.8","3.5","3.3","York University -  Keele Campus","ChIJsS-SZyUuK4gR5tygSdYxhgQ","4.3","20.0","198 York Blvd, North York, ON M3J 2S5, Canada","York University","$6,118","$2,871","$32,756","$12,550","https://www.universitystudy.ca/wp-content/uploads/2021/02/York_logo_web-200-px.jpg"
"York University - Glendon Campus","/school/12125","106 Ratings","3.3","3.3","3.5","3.1","3.0","4.5","3.7","3.2","York University - Glendon Campus","ChIJwU0NjjPN1IkRslpFk20uXK8","4.5","116.0","2275 Bayview Ave, North York, ON M4N 3M6, Canada","York University","$6,118","$2,871","$32,756","$12,550","https://www.universitystudy.ca/wp-content/uploads/2021/02/York_logo_web-200-px.jpg"
"Western University","/school/1491","836 Ratings","3.9","4.0","4.1","3.8","4.1","4.1","4.1","4.1","Western University","ChIJ0SvEag7uLogRm3m5qlPzh6o","4.3","890.0","1151 Richmond St, London, ON N6A 3K7, Canada","Western University","$6,050","$6,360","$34,198 - $39,105","$19,364","https://www.universitystudy.ca/wp-content/uploads/2019/04/western_stacked_color_logo_200px.png"
"Western University ","/school/19001","","","","","","","","","","Western University ","ChIJ0SvEag7uLogRm3m5qlPzh6o","4.3","890.0","1151 Richmond St, London, ON N6A 3K7, Canada","Western University","$6,050","$6,360","$34,198 - $39,105","$19,364","https://www.universitystudy.ca/wp-content/uploads/2019/04/western_stacked_color_logo_200px.png"
"McMaster University","/school/1440","419 Ratings","4.0","4.5","4.2","4.0","4.0","4.2","4.3","4.0","McMaster University","ChIJwSr3RKyELIgRHAFDYeoAnjk","4.4","1019.0","1280 Main St W, Hamilton, ON L8S 4L8, Canada","McMaster University","$5,955 - $6,043","$6,307","$36,652 - $40,960","$6,307 - $17,096","https://www.universitystudy.ca/wp-content/uploads/2019/04/mcmaster-stacked_colour-logo_200px.jpg"
"DeGroote School of Business - McMaster University","/school/18210","","","","","","","","","","DeGroote School of Business - McMaster University","ChIJobcBgFObLIgRjAnSOJ7TJEM","4.6","19.0","Michael G. DeGroote School of Business, Hamilton, ON L8S 4E8, Canada","McMaster University","$5,955 - $6,043","$6,307","$36,652 - $40,960","$6,307 - $17,096","https://www.universitystudy.ca/wp-content/uploads/2019/04/mcmaster-stacked_colour-logo_200px.jpg"
"Université de Montréal","/school/1443","123 Ratings","3.5","4.1","3.3","3.4","2.8","4.4","3.5","2.9","Université de Montréal","ChIJOWZPqJoZyUwRMUWvDEYfKE4","4.3","691.0","2900 Bd Édouard-Montpetit, Montréal, QC H3T 1J4, Canada","","","","","",""
"Law Faculty Universite de Montreal","/school/18628","1 Ratings","2.8","3.0","3.0","1.0","2.0","5.0","2.0","3.0","Law Faculty Universite de Montreal","ChIJTe96YPEZyUwRncVJ2zZ4peg","4.8","18.0","3101 Ch de la Tour, Montréal, QC H3T 1J7, Canada","Universite de Montreal","$2,797 - $8,730","$2,797 - $8,730","$25,568","$17,192 - $19,390","https://www.etudesuniversitaires.ca/wp-content/uploads//2019/04/montreal_2-lines_color_logo_200px.png"
"University of Victoria","/school/1488","525 Ratings","3.7","3.9","4.1","3.6","3.5","4.2","4.1","3.5","University of Victoria","ChIJyyQgXgAxK4gR3Ck5YLo2INk","4.7","56.0","73 Queens Park #106, Toronto, ON M5S 1K7, Canada","University of Victoria","$6,045","$6,278","$21,818 - $27,836","$7,919","https://www.universitystudy.ca/wp-content/uploads/2019/04/victoria-bc_2-lines_color_logo_200px.png"
"Queen's University at Kingston","/school/1466","406 Ratings","4.0","4.4","4.2","4.0","4.0","4.2","4.2","4.1","Queen's University at Kingston","ChIJ6SXZzA-r0kwREXIlXE-KiiY","4.3","566.0","99 University Ave, Kingston, ON K7L 3N6, Canada","Queen's University","$6,083","$5,773 - $12,156","$45,261 - $53,472","$12,927 - $16,592","https://www.universitystudy.ca/wp-content/uploads/2019/04/queens-color-stacked-logo_200px.png"
"Toronto Metropolitan University","/school/1471","781 Ratings","3.7","3.7","3.8","4.0","3.6","2.9","4.0","3.7","Toronto Metropolitan University","ChIJlRMcQzXL1IkR9NYlkdaL7eg","4.2","936.0","350 Victoria St, Toronto, ON M5B 2K3, Canada","Toronto Metropolitan University","$6,093 - $6,608","$4,307 - $17,605","$30,100","$22,560 - $30,620","https://www.universitystudy.ca/wp-content/uploads/2022/05/Toronto-Metropolitan_logo_web200x-1.jpg"
"Universite Laval","/school/1434","68 Ratings","3.8","3.9","4.0","3.8","3.5","4.5","3.9","3.8","Universite Laval","ChIJ-TL_acSWuEwRR4IvvVO4_hU","4.2","939.0","2325 Rue de l'Université, Québec, QC G1V 0A6, Canada","Universite Laval","$2,797 - $8,730","$2,797 - $8,730","$21,233 - $22,208","$17,192 - $21,233","https://www.etudesuniversitaires.ca/wp-content/uploads//2019/04/laval-stacked-colour-logo_200px.jpg"
"University of Ottawa","/school/1452","1029 Ratings","3.5","3.7","3.6","3.5","3.3","3.9","3.8","3.3","University of Ottawa","ChIJc425bQoFzkwRrtsvYsNZihg","4.1","843.0","75 Laurier Ave E, Ottawa, ON K1N 6N5, Canada","University of Ottawa","$6,088 - $6,392","$6,367 - $8,188","$38,692","$16,334 - $29,445","https://www.universitystudy.ca/wp-content/uploads/2019/04/ottawa_stacked_black_logo_150px.jpg"
"Carleton University","/school/1420","861 Ratings","3.9","3.7","4.0","3.7","3.8","4.3","4.2","3.7","Carleton University","ChIJw-x_09gFzkwR3Ny4IXiNXb8","4.4","747.0","1125 Colonel By Dr, Ottawa, ON K1S 5B6, Canada","Carleton University","$6,067 - $9,614","$4,952 - $6,514","$27,056 - $39,374","$13,060 - $16,762","https://www.universitystudy.ca/wp-content/uploads/2021/11/Carleton_horizontal-logo_web-200x.jpg"
"University of Guelph","/school/1426","531 Ratings","4.3","4.2","4.5","4.1","4.1","4.7","4.5","4.2","University of Guelph","ChIJt6A4HTybK4gRxxNATeWZ648","4.5","611.0","50 Stone Rd E, Guelph, ON N1G 2W1, Canada","University of Guelph","$5,893 - $6,091","$4,587 - $4,993","$10,703 - $30,317","$5,650 - $16,311","https://www.universitystudy.ca/wp-content/uploads/2019/04/Guelph_stacked_color_logo_200-1.jpg"
"University of Guelph - Humber","/school/4310","148 Ratings","3.4","3.4","3.6","3.6","2.8","4.0","3.7","3.1","University of Guelph - Humber","ChIJCbDKp7I7K4gRoENk1gi7aIY","4.2","140.0","207 Humber College Blvd, Etobicoke, ON M9W 5L7, Canada","University of Guelph","$5,893 - $6,091","$4,587 - $4,993","$10,703 - $30,317","$5,650 - $16,311","https://www.universitystudy.ca/wp-content/uploads/2019/04/Guelph_stacked_color_logo_200-1.jpg"
"university of Guelph","/school/18643","1 Ratings","5.0","5.0","5.0","5.0","5.0","5.0","5.0","5.0","university of Guelph","ChIJt6A4HTybK4gRxxNATeWZ648","4.5","611.0","50 Stone Rd E, Guelph, ON N1G 2W1, Canada","","","","","",""
"University of Guelph: Ridgetown","/school/5562","6 Ratings","3.3","3.5","3.3","3.5","2.3","5.0","4.3","2.7","University of Guelph: Ridgetown","ChIJU-FS3TroL4gRXnn0MdF1nnw","4.1","16.0","120 Main St E, Ridgetown, ON N0P 2C0, Canada","University of Guelph","$5,893 - $6,091","$4,587 - $4,993","$10,703 - $30,317","$5,650 - $16,311","https://www.universitystudy.ca/wp-content/uploads/2019/04/Guelph_stacked_color_logo_200-1.jpg"
"Dalhousie University","/school/1423","390 Ratings","3.6","4.0","3.7","3.6","3.5","4.2","3.8","3.6","Dalhousie University (Halifax)","ChIJ19nmdTAiWksRA1TUEF1FjHQ","4.2","415.0","6299 South St, Halifax, NS B3H 4R2, Canada","Dalhousie University","$7,312 - $8,595","$7,816 - $9,099","$19,299 - $25,455","$19,803 - $25,959","https://www.universitystudy.ca/wp-content/uploads/2023/01/Dalhousie_logo_web-200x-2.jpg"
"Dalhousie University","/school/16310","1 Ratings","3.5","4.0","4.0","3.0","4.0","4.0","3.0","3.0","Dalhousie University (Truro)","ChIJXZgW4ytOWUsRLeKQEdQdjrs","4.6","50.0","62 Cumming Dr, Bible Hill, NS B2N 4H5, Canada","Dalhousie University","$7,312 - $8,595","$7,816 - $9,099","$19,299 - $25,455","$19,803 - $25,959","https://www.universitystudy.ca/wp-content/uploads/2023/01/Dalhousie_logo_web-200x-2.jpg"
"University of Saskatchewan","/school/1480","345 Ratings","3.8","3.8","4.2","3.7","3.6","3.9","4.1","3.6","University of Saskatchewan","ChIJg6SU-rD2BFMRKsnZWB-oenk","4.3","641.0","105 Administration Pl, Saskatoon, SK S7N 5A2, Canada","University of Saskatchewan","$6,978 - $7,146","$3,132","$25,121 - $25,726","$3,132 - $6,264","https://www.universitystudy.ca/wp-content/uploads/2019/04/saskatchewan_horizontal-2-lines_color_logo_200px.png"
"University of Manitoba","/school/1438","427 Ratings","3.1","3.2","3.2","3.1","2.8","3.6","3.3","2.9","University of Manitoba","ChIJzQd-DLw0K4gRoqqSLgWbDtE","4.6","82.0","6 Hoskin Ave, Toronto, ON M5S 1H8, Canada","University of Manitoba","$4,352 - $4,858","$5,541","$16,620 - $18,699","$12,190","https://www.universitystudy.ca/wp-content/uploads/2019/10/UM_Logo_HORZ_CMYK_web-2.jpg"
"Memorial University of Newfoundland","/school/1441","436 Ratings","3.4","3.6","3.2","3.4","3.3","3.8","3.7","3.5","Memorial University of Newfoundland","ChIJifur2I6jDEsRQJdRZNoIWms","4.3","277.0","St. John's, NL A1B, Canada","Memorial University of Newfoundland","$2,650 - $6,000","$2,859 - $3,717","$11,920 - $20,000","$4,833","https://www.universitystudy.ca/wp-content/uploads/2019/04/memorial_2-lines-color-burgundy_logo_200px.jpg"
"Universite du Quebec a Montreal","/school/1462","109 Ratings","3.9","3.5","3.9","3.8","3.8","4.2","4.2","3.9","Universite du Quebec a Montreal (Montréal)","ChIJDW5a808ayUwRgFg-f63Zwh0","4.2","726.0","405 Rue Sainte-Catherine Est, Montréal, QC H2L 2C4, Canada","Universite du Quebec a Montreal, Universite du Quebec","","","","",""
"Universite du Quebec a Montreal","/school/1462","109 Ratings","3.9","3.5","3.9","3.8","3.8","4.2","4.2","3.9","Universite du Quebec a Montreal (Montréal)","ChIJDW5a808ayUwRgFg-f63Zwh0","4.2","726.0","405 Rue Sainte-Catherine Est, Montréal, QC H2L 2C4, Canada","Universite du Quebec a Montreal, Universite du Quebec","","","","",""
"Universite du Quebec a Montreal","/school/1462","109 Ratings","3.9","3.5","3.9","3.8","3.8","4.2","4.2","3.9","Universite du Quebec a Montreal (Montréal)","ChIJDW5a808ayUwRgFg-f63Zwh0","4.2","726.0","405 Rue Sainte-Catherine Est, Montréal, QC H2L 2C4, Canada","Universite du Quebec a Montreal, Universite du Quebec","","","","",""
"Universite du Quebec a Montreal","/school/1462","109 Ratings","3.9","3.5","3.9","3.8","3.8","4.2","4.2","3.9","Universite du Quebec a Montreal (Montréal)","ChIJDW5a808ayUwRgFg-f63Zwh0","4.2","726.0","405 Rue Sainte-Catherine Est, Montréal, QC H2L 2C4, Canada","Universite du Quebec a Montreal, Universite du Quebec","","","","",""
"University of New Brunswick","/school/1446","164 Ratings","3.6","3.7","3.7","3.6","3.2","4.1","3.8","3.5","University of New Brunswick (Fredericton)","ChIJm7qldhAipEwR0eo7-3Za1U0","4.3","99.0","3 Bailey Dr, Fredericton, NB E3B 5A3, Canada","University of New Brunswick","$7,170 - $7,488","$7,326","$17,216 - $17,534","$13,116","https://www.universitystudy.ca/wp-content/uploads/2022/10/New-Brunswick.jpg"
"University of New Brunswick","/school/15086","","","","","","","","","","University of New Brunswick (Moncton)","ChIJwUVAs824oEwRyUfKrWBvqJA","","","55 Lutz St, Moncton, NB E1C 0L2, Canada","University of New Brunswick","$7,170 - $7,488","$7,326","$17,216 - $17,534","$13,116","https://www.universitystudy.ca/wp-content/uploads/2022/10/New-Brunswick.jpg"
"University of New Brunswick - Saint John","/school/4009","68 Ratings","3.0","2.9","3.2","2.8","2.3","3.7","3.3","2.7","University of New Brunswick - Saint John","ChIJi7qVkdJMpkwRpwifhHDmc6w","4.1","41.0","100 Tucker Park Rd, Saint John, NB E2K 5E2, Canada","University of New Brunswick","$7,170 - $7,488","$7,326","$17,216 - $17,534","$13,116","https://www.universitystudy.ca/wp-content/uploads/2022/10/New-Brunswick.jpg"
"Brock University","/school/1415","360 Ratings","3.7","3.3","3.9","3.6","3.6","4.2","4.0","3.7","Brock University","ChIJpeTw-TJO04kR0qerzeaJe9s","4.2","461.0","1812 Sir Isaac Brock Way, St. Catharines, ON L2S 3A1, Canada","Brock University","$5,917 - $6,089","$5,850 - $8,176","$30,744 - $31,622","$23,504","https://www.universitystudy.ca/wp-content/uploads/2022/12/Brock_logo_web-200x.jpg"
"Universite de Sherbrooke","/school/1481","45 Ratings","4.0","4.3","4.0","4.0","3.7","4.6","4.3","4.0","Universite de Sherbrooke (Sherbrooke)","ChIJ2QHYVEuzt0wRCkczUGODyEA","4.4","335.0","2500 Bd de l'Université, Sherbrooke, QC J1K 2R1, Canada","Universite de Sherbrooke","$2,797 - $8,730","$2,797 - $8,730","$19,155 - $21,395","$17,193 - $19,155","https://www.etudesuniversitaires.ca/wp-content/uploads/2020/11/Sherbrooke_UdeS_coul_300dpi.jpg"
"Universite de Sherbrooke","/school/18387","","","","","","","","","","Universite de Sherbrooke (Longueuil)","ChIJCSYXbBMbyUwRB9TIHsb5dsU","4.5","126.0","150 Pl. Charles-Le Moyne, Longueuil, QC J4K 0A8, Canada","Universite de Sherbrooke","$2,797 - $8,730","$2,797 - $8,730","$19,155 - $21,395","$17,193 - $19,155","https://www.etudesuniversitaires.ca/wp-content/uploads/2020/11/Sherbrooke_UdeS_coul_300dpi.jpg"
"Wilfrid Laurier University - Waterloo","/school/1492","363 Ratings","3.9","4.0","3.9","4.0","4.2","4.4","4.5","4.3","Wilfrid Laurier University - Waterloo","ChIJI5ofG_bzK4gRNyU3WUTmJNI","3.6","415.0","75 University Ave W, Waterloo, ON N2L 3C5, Canada","Wilfrid Laurier University","$5,663 - $7,081","$4,536 - $11,543","$29,311 - $30,716","$12,690 - $25,830","https://www.universitystudy.ca/wp-content/uploads/2019/04/wilfrid-laurier_2-lines_color_logo_200px.png"
"Wilfrid Laurier University - Brantford","/school/5355","85 Ratings","3.2","3.4","3.3","3.4","3.1","2.6","3.8","3.3","Wilfrid Laurier University - Brantford","ChIJV4ku1w5mLIgRIsS4Q3rvuNY","4.2","98.0","73 George St, Brantford, ON N3T 2Y3, Canada","Wilfrid Laurier University","$5,663 - $7,081","$4,536 - $11,543","$29,311 - $30,716","$12,690 - $25,830","https://www.universitystudy.ca/wp-content/uploads/2019/04/wilfrid-laurier_2-lines_color_logo_200px.png"
"Wilfrid Laurier University - Milton","/school/18184","","","","","","","","","","Wilfrid Laurier University - Milton","ChIJI5ofG_bzK4gRNyU3WUTmJNI","3.6","415.0","75 University Ave W, Waterloo, ON N2L 3C5, Canada","Wilfrid Laurier University","$5,663 - $7,081","$4,536 - $11,543","$29,311 - $30,716","$12,690 - $25,830","https://www.universitystudy.ca/wp-content/uploads/2019/04/wilfrid-laurier_2-lines_color_logo_200px.png"
"University of Windsor","/school/1493","298 Ratings","3.2","2.9","3.2","3.1","3.0","3.6","3.3","3.1","University of Windsor","ChIJ70vsxnctO4gR7kFOKhnxRBo","4.0","646.0","401 Sunset Ave, Windsor, ON N9B 3P4, Canada","University of Windsor","$5,800","$7,179","$25,910 - $30,200","$25,290","https://www.universitystudy.ca/wp-content/uploads/2019/04/windsor-color-2-lines-logo_200px.png"
"University of Regina","/school/1468","322 Ratings","3.0","2.9","3.1","2.9","2.6","3.7","3.0","2.6","University of Regina","ChIJq6ePeZCgHlMRJAyHny_D4Uc","4.3","479.0","3737 Wascana Pkwy, Regina, SK S4S 0A2, Canada","University of Regina","$7,230 - $7,665","$4,725","$21,690 - $22,995","$8,574","https://www.universitystudy.ca/wp-content/uploads/2019/04/regina-color-stacked-logo_200px.jpg"
"University of Lethbridge","/school/1435","326 Ratings","3.5","3.7","3.7","3.6","3.5","4.1","3.9","3.5","University of Lethbridge","ChIJGx5DBC2GblMRK4d2uP4OhZA","4.1","157.0","4401 University Dr W, Lethbridge, AB T1K 3M4, Canada","University of Lethbridge","$2,797 - $8,730","$2,797 - $8,730","$19,155 - $21,395","$17,193 - $19,155",""
"University of Lethbridge - Edmonton","/school/16613","","","","","","","","","","University of Lethbridge - Edmonton","ChIJP7MLsTkioFMRjxi-re3r9zc","","","7128 Ada Blvd NW, Edmonton, AB T5B 4E4, Canada","University of Lethbridge","$2,797 - $8,730","$2,797 - $8,730","$19,155 - $21,395","$17,193 - $19,155",""
"university of lethbridge","/school/18396","","","","","","","","","","university of lethbridge","ChIJGx5DBC2GblMRK4d2uP4OhZA","4.1","157.0","4401 University Dr W, Lethbridge, AB T1K 3M4, Canada","","","","","",""
"British Columbia Institute of Technology","/school/4019","139 Ratings","3.3","4.2","3.1","3.8","2.4","4.0","3.2","2.5","British Columbia Institute of Technology (Burnaby)","ChIJ28i4pcx3hlQRwDHMkYpIO6w","3.0","39.0","SW 3, White Ave, Burnaby, BC V5G 3H2, Canada","British Columbia Institute of Technology","$2,797 - $8,730","$2,797 - $8,730*","$8,730","$8,730 - $19,154*",""
"British Columbia Institute of Technology","/school/4774","2 Ratings","3.4","4.0","3.5","4.0","1.0","4.0","4.5","3.5","British Columbia Institute of Technology (Richmond)","ChIJqdTjFdZ0hlQRqudtz9PrBcg","4.1","60.0","3800 Cessna Dr, Richmond, BC V7B 0A1, Canada","British Columbia Institute of Technology","$2,797 - $8,730","$2,797 - $8,730*","$8,730","$8,730 - $19,154*",""
"British Columbia Institute of Technology","/school/5624","14 Ratings","3.4","3.9","3.5","3.6","2.3","4.2","3.5","2.3","British Columbia Institute of Technology (Vancouver)","ChIJ4S7wxnhxhlQRFGfmMvQ74LQ","4.3","124.0","555 Seymour St, Vancouver, BC V6B 3H6, Canada","British Columbia Institute of Technology","$2,797 - $8,730","$2,797 - $8,730*","$8,730","$8,730 - $19,154*",""
"British Columbia institute of technology","/school/18636","","","","","","","","","","British Columbia institute of technology","ChIJ28i4pcx3hlQRwDHMkYpIO6w","3.0","39.0","SW 3, White Ave, Burnaby, BC V5G 3H2, Canada","","","","","",""
"British Columbia Institute of Technology Marine","/school/5703","","","","","","","","","","British Columbia Institute of Technology Marine","ChIJp1ytTktwhlQRAYhuWfPtPFs","4.0","22.0","265 W Esplanade, North Vancouver, BC V7M 1A5, Canada","British Columbia Institute of Technology","$2,797 - $8,730","$2,797 - $8,730*","$8,730","$8,730 - $19,154*",""
"Ecole Polytechnique de Montreal","/school/1453","44 Ratings","3.4","4.1","3.1","3.5","3.7","3.4","3.4","3.7","Ecole Polytechnique de Montreal","ChIJcU38qfIZyUwRPhOEVql8Jto","4.3","288.0","2500 Chem. de Polytechnique, Montréal, QC H3T 1J4, Canada","Ecole Polytechnique de Montreal","$2,797 - $8,730","$3,147 - $9,821","$26,467","$19,341 - $21,548","https://www.etudesuniversitaires.ca/wp-content/uploads//2019/04/polytechnique_stacked-colour-logo_200px.jpg"
"Universite du Quebec a Rimouski","/school/1463","2 Ratings","4.1","4.0","3.5","4.5","3.5","5.0","4.5","4.5","Universite du Quebec a Rimouski (Rimouski)","ChIJq6ziNL_ZlUwRjn85I2WDTJo","4.6","92.0","300, allée des Ursulines, C.P. 3300, succ. A, 300 All. des Ursulines, Rimouski, QC G5L 3A1, Canada","Universite du Quebec, Universite du Quebec a Rimouski","","","","",""
"Universite du Quebec a Rimouski","/school/1463","2 Ratings","4.1","4.0","3.5","4.5","3.5","5.0","4.5","4.5","Universite du Quebec a Rimouski (Rimouski)","ChIJq6ziNL_ZlUwRjn85I2WDTJo","4.6","92.0","300, allée des Ursulines, C.P. 3300, succ. A, 300 All. des Ursulines, Rimouski, QC G5L 3A1, Canada","Universite du Quebec, Universite du Quebec a Rimouski","","","","",""
"Universite du Quebec a Rimouski","/school/1463","2 Ratings","4.1","4.0","3.5","4.5","3.5","5.0","4.5","4.5","Universite du Quebec a Rimouski (Rimouski)","ChIJq6ziNL_ZlUwRjn85I2WDTJo","4.6","92.0","300, allée des Ursulines, C.P. 3300, succ. A, 300 All. des Ursulines, Rimouski, QC G5L 3A1, Canada","Universite du Quebec, Universite du Quebec a Rimouski","","","","",""
"Universite du Quebec a Rimouski","/school/1463","2 Ratings","4.1","4.0","3.5","4.5","3.5","5.0","4.5","4.5","Universite du Quebec a Rimouski (Rimouski)","ChIJq6ziNL_ZlUwRjn85I2WDTJo","4.6","92.0","300, allée des Ursulines, C.P. 3300, succ. A, 300 All. des Ursulines, Rimouski, QC G5L 3A1, Canada","Universite du Quebec, Universite du Quebec a Rimouski","","","","",""
"Université du Québec en Outaouais","/school/18252","","","","","","","","","","Université du Québec en Outaouais (Saint-Jérôme)","ChIJ0eSmB70sz0wR9mZkJkYcBY0","4.4","41.0","5 Rue St Joseph, Saint-Jérôme, QC J7Z 0B7, Canada","","","","","",""
"Université du Québec en Outaouais","/school/18252","","","","","","","","","","Université du Québec en Outaouais (Saint-Jérôme)","ChIJ0eSmB70sz0wR9mZkJkYcBY0","4.4","41.0","5 Rue St Joseph, Saint-Jérôme, QC J7Z 0B7, Canada","","","","","",""
"Université du Québec en Outaouais","/school/18252","","","","","","","","","","Université du Québec en Outaouais (Saint-Jérôme)","ChIJ0eSmB70sz0wR9mZkJkYcBY0","4.4","41.0","5 Rue St Joseph, Saint-Jérôme, QC J7Z 0B7, Canada","","","","","",""
"Université du Québec en Outaouais","/school/18252","","","","","","","","","","Université du Québec en Outaouais (Saint-Jérôme)","ChIJ0eSmB70sz0wR9mZkJkYcBY0","4.4","41.0","5 Rue St Joseph, Saint-Jérôme, QC J7Z 0B7, Canada","","","","","",""
"Université du Québec à Chicoutimi","/school/18596","","","","","","","","","","Université du Québec à Chicoutimi (Saguenay)","ChIJO327BbYgwEwRjvol162xEKY","4.2","177.0","555 Bd de l'Université, Chicoutimi, QC G7H 2B1, Canada","","","","","",""
"Université du Québec à Chicoutimi","/school/18596","","","","","","","","","","Université du Québec à Chicoutimi (Saguenay)","ChIJO327BbYgwEwRjvol162xEKY","4.2","177.0","555 Bd de l'Université, Chicoutimi, QC G7H 2B1, Canada","","","","","",""
"Université du Québec à Chicoutimi","/school/18596","","","","","","","","","","Université du Québec à Chicoutimi (Saguenay)","ChIJO327BbYgwEwRjvol162xEKY","4.2","177.0","555 Bd de l'Université, Chicoutimi, QC G7H 2B1, Canada","","","","","",""
"Université du Québec à Chicoutimi","/school/18596","","","","","","","","","","Université du Québec à Chicoutimi (Saguenay)","ChIJO327BbYgwEwRjvol162xEKY","4.2","177.0","555 Bd de l'Université, Chicoutimi, QC G7H 2B1, Canada","","","","","",""
"Université du Québec en Outaouais","/school/18904","","","","","","","","","","Université du Québec en Outaouais (Gatineau)","ChIJy5VZf3sEzkwRVEMDAWwa5zM","4.2","105.0","283 Boul. Alexandre-Taché, Gatineau, QC J8X 3X7, Canada","","","","","",""
"Université du Québec en Outaouais","/school/18904","","","","","","","","","","Université du Québec en Outaouais (Gatineau)","ChIJy5VZf3sEzkwRVEMDAWwa5zM","4.2","105.0","283 Boul. Alexandre-Taché, Gatineau, QC J8X 3X7, Canada","","","","","",""
"Université du Québec en Outaouais","/school/18904","","","","","","","","","","Université du Québec en Outaouais (Gatineau)","ChIJy5VZf3sEzkwRVEMDAWwa5zM","4.2","105.0","283 Boul. Alexandre-Taché, Gatineau, QC J8X 3X7, Canada","","","","","",""
"Université du Québec en Outaouais","/school/18904","","","","","","","","","","Université du Québec en Outaouais (Gatineau)","ChIJy5VZf3sEzkwRVEMDAWwa5zM","4.2","105.0","283 Boul. Alexandre-Taché, Gatineau, QC J8X 3X7, Canada","","","","","",""
"Trent University","/school/13718","25 Ratings","3.7","4.1","3.8","3.5","3.0","4.7","4.3","3.4","Trent University","ChIJw41iuB311YkREso8L-O3FfM","4.2","102.0","1600 W Bank Dr, Peterborough, ON K9L 0G2, Canada","Trent University","$6,118","$5,394","$22,844 - $26,191","$14,418","https://www.universitystudy.ca/wp-content/uploads/2019/04/trent-color-rainbow-tagline-logo_200px.png"
"Trent University ","/school/19091","","","","","","","","","","Trent University ","ChIJw41iuB311YkREso8L-O3FfM","4.2","102.0","1600 W Bank Dr, Peterborough, ON K9L 0G2, Canada","Trent University","$6,118","$5,394","$22,844 - $26,191","$14,418","https://www.universitystudy.ca/wp-content/uploads/2019/04/trent-color-rainbow-tagline-logo_200px.png"
"Trent University - Durham","/school/17610","1 Ratings","5.0","5.0","5.0","5.0","5.0","5.0","5.0","5.0","Trent University - Durham","ChIJNxoXXa4d1YkRiW4cZ3Ec7vI","3.9","81.0","55 Thornton Rd S, Oshawa, ON L1J 5Y1, Canada","Trent University","$6,118","$5,394","$22,844 - $26,191","$14,418","https://www.universitystudy.ca/wp-content/uploads/2019/04/trent-color-rainbow-tagline-logo_200px.png"
"Laurentian University of Sudbury","/school/1433","197 Ratings","3.1","2.8","3.2","3.1","2.8","4.1","3.2","3.2","Laurentian University of Sudbury","ChIJjQNA3qyqL00RWyzDHILmfoA","3.7","154.0","935 Ramsey Lake Rd, Sudbury, ON P3E 2C6, Canada","Laurentian University","$5,908 - $6,366","$5,353 - $5,721","$25,309 - $25,960","$12,961 - $14,361","https://www.universitystudy.ca/wp-content/uploads/2019/04/laurentian_2-lines-color_logo_200px-1.png"
"Acadia University","/school/1406","216 Ratings","3.8","4.1","4.1","3.7","3.6","4.2","4.2","4.0","Acadia University","ChIJBYeoBKZVWEsRIphnNhZ0SOA","4.4","142.0","15 University Ave, Wolfville, NS B4P 2R6, Canada","Acadia University","$8,194 - $9,477","$8,139 - $9,422","$18,794","$19,158","https://www.universitystudy.ca/wp-content/uploads/2018/08/acadia-logo-2.jpg"
"HEC Montreal","/school/5851","68 Ratings","4.2","4.5","4.3","4.4","3.7","4.7","4.4","4.0","HEC Montreal","ChIJsRqPzewZyUwRXTvbR1PpgOc","4.4","265.0","3000 Chem. de la Côte-Sainte-Catherine, Montréal, QC H3T 2A7, Canada","HEC Montreal","$2,797 - $8,730","$2,797 - $8,730","$20,270 - $22,573","$17,192 - $19,153","https://www.universitystudy.ca/wp-content/uploads/2019/04/hec_montreal_horizontal_color_logo_200px-1.png"
"Lakehead University","/school/1432","134 Ratings","3.1","3.0","3.1","3.2","3.1","3.8","3.5","3.3","Lakehead University (Fort Erie)","ChIJK3VV9THL1IkRa5Z9-647pds","3.0","6.0","95 King St E 4th Floor, Toronto, ON M5C 1G4, Canada","Lakehead University","$5,398 - $5,985","$4,894 - $5,390","$26,522 - $27,295","$15,334","https://www.universitystudy.ca/wp-content/uploads/2021/02/Lakehead_logo_web-200x-1.jpg"
"Lakehead University","/school/16496","45 Ratings","3.0","2.7","3.4","2.8","2.3","4.4","3.0","2.2","Lakehead University (Orillia)","ChIJh15oYTmpKk0RBOdfCUcqtaM","3.9","51.0","500 University Ave, Orillia, ON L3V 0B9, Canada","Lakehead University","$5,398 - $5,985","$4,894 - $5,390","$26,522 - $27,295","$15,334","https://www.universitystudy.ca/wp-content/uploads/2021/02/Lakehead_logo_web-200x-1.jpg"
"Ontario Tech University","/school/4714","267 Ratings","3.3","3.1","3.4","3.3","2.9","4.2","3.4","2.8","Ontario Tech University","ChIJf674apob1YkR9RY3WRk6Nyo","3.9","308.0","2000 Simcoe St N, Oshawa, ON L1G 0C5, Canada","Ontario Tech University","$9,159 - $9,390","$7,579 - $8,860","$31,552 - $39,808","$19,166 - $28,961","https://www.universitystudy.ca/wp-content/uploads/2019/04/ontario-tech_2-lines-colour-logo_150px.jpg"
"Vancouver Island University","/school/1437","214 Ratings","3.3","3.1","3.5","3.1","2.8","4.2","3.5","2.8","Vancouver Island University","ChIJ7wZKIO2jiFQRiNJp9WBl8mI","4.1","234.0","900 Fifth St, Nanaimo, BC V9R 5S5, Canada","Vancouver Island University","$4,798","$10,428 - $14,021","$19,227","$18,360","https://www.universitystudy.ca/wp-content/uploads/2021/02/Vancouver-Island_logo_web-200-px-1.jpg"
"Vancouver Island University (was Malaspina UC)","/school/5864","2 Ratings","0.0","3.5","4.5","3.5","3.5","0.0","5.0","3.5","Vancouver Island University (was Malaspina UC)","ChIJwzQnIPaPiFQRbPinOHtQIu8","5.0","5.0","100 Jensen Ave E, Parksville, BC V9P 2G3, Canada","Vancouver Island University","$4,798","$10,428 - $14,021","$19,227","$18,360","https://www.universitystudy.ca/wp-content/uploads/2021/02/Vancouver-Island_logo_web-200-px-1.jpg"
"Ecole de Technologie Superieure","/school/1459","59 Ratings","4.1","4.3","3.9","4.5","4.4","4.5","4.2","3.7","Ecole de Technologie Superieure","ChIJB5eDqmAayUwR9kVcpBmnMrc","4.5","507.0","1100 R. Notre Dame O, Montréal, QC H3C 1K3, Canada","Ecole de Technologie Superieure","$2,725 - $8,506","$2,725 - $8,506","$24,654","$16,751 - $21,174","https://www.etudesuniversitaires.ca/wp-content/uploads/2021/02/Quebec-ETS_logo_web-200-px-1.jpg"
"University of Prince Edward Island","/school/1454","140 Ratings","3.0","3.0","3.2","2.7","2.5","4.5","3.3","2.7","University of Prince Edward Island","ChIJZ7UMMrVSXksR1dNlZ_--QSM","4.3","237.0","550 University Ave, Charlottetown, PE C1A 4P3, Canada","University of Prince Edward Island","$6,100 - $11,760","$6,210 - $10,350","$41,540 - $61,350","$6,210 - $43,990","https://www.universitystudy.ca/wp-content/uploads/2020/01/upei_shield_logo.jpg"
"The Ontario College of Art and Design University (OCAD U)","/school/4062","253 Ratings","2.8","3.4","2.6","2.8","1.9","3.3","2.9","2.3","The Ontario College of Art and Design University (OCAD U)","ChIJXRsCmM80K4gRutjp5gJkQR8","3.9","258.0","100 McCaul St, Toronto, ON M5T 1W1, Canada","","","","","",""
"Thompson Rivers University","/school/1419","241 Ratings","3.4","3.2","3.6","3.2","3.0","4.1","3.6","3.0","Thompson Rivers University (Kamloops)","ChIJjfqz1F8sflMR9Ls-dvm2c5M","3.9","400.0","805 Tru Way, Kamloops, BC V2C 0C8, Canada","Thompson Rivers University","$4,487","$7,887","$18,355","$13,532","https://www.universitystudy.ca/wp-content/uploads/2021/02/Thompson-Rivers_logo_200-px.jpg"
"Thompson Rivers University","/school/4099","5 Ratings","3.1","2.8","3.2","3.2","3.0","4.5","3.2","3.0","Thompson Rivers University (Williams Lake)","ChIJR0KgYISkgFMReXbSbgvZp8w","4.7","17.0","1250 Western Ave, Williams Lake, BC V2G 1H7, Canada","Thompson Rivers University","$4,487","$7,887","$18,355","$13,532","https://www.universitystudy.ca/wp-content/uploads/2021/02/Thompson-Rivers_logo_200-px.jpg"
"Mount Allison University","/school/1444","123 Ratings","4.0","4.5","4.2","3.6","4.0","4.4","4.3","4.1","Mount Allison University","ChIJbUcnvuRQX0sRMAjFYncG6MQ","4.1","88.0","62A York St, Sackville, NB E4L 1H3, Canada","Mount Allison University","$9,725","$5,010","$19,620","$5,010","https://www.universitystudy.ca/wp-content/uploads/2019/04/Mt-Allison_2-lines_color-red_logo.png"
"University of Northern British Columbia","/school/1448","151 Ratings","3.3","3.3","3.6","3.1","3.1","4.2","3.4","3.0","University of Northern British Columbia","ChIJzb_rumaZiFMR3q9dqFC0y5A","4.4","151.0","3333 University Way, Prince George, BC V2N 4Z9, Canada","University of Northern British Columbia","$5,756","$3,569","$23,818","$4,996","https://www.universitystudy.ca/wp-content/uploads/2019/04/northern-bc_horizontal_color_logo_200px.png"
"Kwantlen Polytechnic University - Surrey","/school/4028","226 Ratings","3.1","3.2","3.3","3.1","2.6","3.7","3.4","2.5","Kwantlen Polytechnic University - Surrey","ChIJfaJc3jB1hlQRuzZQdqbGrus","4.0","417.0","12666 72 Ave, Surrey, BC V3W 2M8, Canada","Kwantlen Polytechnic University","$6,128 - $7,618","$3,504 - $4,508","$34,234 - $46,772","$4,380 - $15,392","https://www.universitystudy.ca/wp-content/uploads/2019/04/kwantlen_stacked_color-burgundy_logo_200px.png"
"Kwantlen Polytechnic University - Richmond","/school/13560","55 Ratings","3.1","3.2","3.2","2.9","2.2","3.7","3.6","2.3","Kwantlen Polytechnic University - Richmond","ChIJSSjj3TB1hlQRw5n4g0tUgmo","4.2","168.0","8771 Lansdowne Rd, Richmond, BC V6X 3X7, Canada","Kwantlen Polytechnic University","$6,128 - $7,618","$3,504 - $4,508","$34,234 - $46,772","$4,380 - $15,392","https://www.universitystudy.ca/wp-content/uploads/2019/04/kwantlen_stacked_color-burgundy_logo_200px.png"
"Kwantlen Polytechnic University - Langley","/school/13662","20 Ratings","3.1","3.3","3.2","3.0","2.0","4.1","3.4","2.8","Kwantlen Polytechnic University - Langley","ChIJReyi-y7OhVQRrdcEgzsYpwc","4.3","96.0","20901 Langley Bypass, Langley, BC V3A 8G9, Canada","Kwantlen Polytechnic University","$6,128 - $7,618","$3,504 - $4,508","$34,234 - $46,772","$4,380 - $15,392","https://www.universitystudy.ca/wp-content/uploads/2019/04/kwantlen_stacked_color-burgundy_logo_200px.png"
"Kwantlen Polytechnic University - Cloverdale","/school/17870","3 Ratings","2.8","3.3","3.3","2.3","1.3","3.0","3.0","2.0","Kwantlen Polytechnic University - Cloverdale","ChIJ7QcQalWEC0ERkB8yOE-DOck","4.3","60.0","5500 180 St, Surrey, BC V3S 6R1, Canada","Kwantlen Polytechnic University","$6,128 - $7,618","$3,504 - $4,508","$34,234 - $46,772","$4,380 - $15,392","https://www.universitystudy.ca/wp-content/uploads/2019/04/kwantlen_stacked_color-burgundy_logo_200px.png"
"Kwantlen polytechnic university - civic plaza","/school/18787","1 Ratings","3.4","4.0","3.0","3.0","2.0","5.0","4.0","3.0","Kwantlen polytechnic university - civic plaza","ChIJ2UN_F7HZhVQRwYLGDFnf7bE","4.3","15.0","13485 Central Ave, Surrey, BC V3T 0K2, Canada","","","","","",""
"Saint Mary's University","/school/1475","278 Ratings","3.7","3.6","3.9","3.6","3.4","4.1","4.1","3.6","Saint Mary's University (Halifax)","ChIJXQqGlD8iWksRDdgm1N9hCd0","4.5","255.0","923 Robie St, Halifax, NS B3H 3C3, Canada","Saint Mary's University","$7,347 - $8,630","$4,264 - $7,564","$19,770 - $20,340","$12,284 - $16,751","https://www.universitystudy.ca/wp-content/uploads/2021/12/St-Marys_logo-color_web200x.jpg"
"Saint Mary's University","/school/1475","278 Ratings","3.7","3.6","3.9","3.6","3.4","4.1","4.1","3.6","Saint Mary's University (Halifax)","ChIJXQqGlD8iWksRDdgm1N9hCd0","4.5","255.0","923 Robie St, Halifax, NS B3H 3C3, Canada","Saint Mary's University","$7,347 - $8,630","$4,264 - $7,564","$19,770 - $20,340","$12,284 - $16,751","https://www.universitystudy.ca/wp-content/uploads/2021/12/St-Marys_logo-color_web200x.jpg"
"Saint Mary's University","/school/1475","278 Ratings","3.7","3.6","3.9","3.6","3.4","4.1","4.1","3.6","Saint Mary's University (Halifax)","ChIJXQqGlD8iWksRDdgm1N9hCd0","4.5","255.0","923 Robie St, Halifax, NS B3H 3C3, Canada","Saint Mary's University","$7,347 - $8,630","$4,264 - $7,564","$19,770 - $20,340","$12,284 - $16,751","https://www.universitystudy.ca/wp-content/uploads/2021/12/St-Marys_logo-color_web200x.jpg"
"Saint Mary's University","/school/1475","278 Ratings","3.7","3.6","3.9","3.6","3.4","4.1","4.1","3.6","Saint Mary's University (Halifax)","ChIJXQqGlD8iWksRDdgm1N9hCd0","4.5","255.0","923 Robie St, Halifax, NS B3H 3C3, Canada","Saint Mary's University","$7,347 - $8,630","$4,264 - $7,564","$19,770 - $20,340","$12,284 - $16,751","https://www.universitystudy.ca/wp-content/uploads/2021/12/St-Marys_logo-color_web200x.jpg"
"Mount Royal University","/school/1570","484 Ratings","3.9","4.1","4.1","4.0","3.6","4.5","4.4","3.6","Mount Royal University","ChIJc9F_IOpxcVMRfR3l9zPIGlk","4.2","630.0","4825 Mt Royal Gate SW, Calgary, AB T3E 6K6, Canada","Mount Royal University","$6,050","$6,360","$34,918 - $39,105","$19,364","https://www.universitystudy.ca/wp-content/uploads/2019/04/mt-royal_stacked_color-logo_200px.jpg"
"St. Francis Xavier University","/school/1473","234 Ratings","4.0","4.4","4.3","4.0","4.0","4.1","4.4","4.5","St. Francis Xavier University","ChIJD3a35hpFXEsRrN0sXjyMwE8","4.2","125.0","4130 University Ave, Antigonish, NS B2G 2W5, Canada","St. Francis Xavier University","$8,087 - $9,370","$5,240 - $6,010","$18,740","$12,020","https://www.universitystudy.ca/wp-content/uploads/2021/08/StFX-vertical_colour_web200x-4.jpg"
"Royal Roads University","/school/1470","47 Ratings","3.5","3.4","4.1","3.5","2.7","4.2","3.6","3.0","Royal Roads University","ChIJjUah1ecMj1QRMP2ChTlQpac","4.4","247.0","2005 Sooke Rd, Victoria, BC V9B 5Y2, Canada","Royal Roads University","","","","","https://www.universitystudy.ca/wp-content/uploads/2019/04/royal-roads-color-stacked-logo_200px.png"
"Northern Alberta Institute of Technology","/school/4010","183 Ratings","3.5","3.7","3.5","3.7","3.1","3.8","3.5","3.2","Northern Alberta Institute of Technology","ChIJV2eKonIjoFMRuu3TpLYsPF4","3.7","456.0","11762 106 St, Edmonton, AB T5G 2R1, Canada","Northern Alberta Institute of Technology","","","","",""
"Southern Alberta Institute of Technology","/school/4014","165 Ratings","3.3","3.7","3.3","3.4","2.8","3.9","3.3","2.9","Southern Alberta Institute of Technology","ChIJgZ6maJJvcVMRKB7Wi-a1HQs","3.8","727.0","1301 16 Ave NW, Calgary, AB T2M 0L4, Canada","Southern Alberta Institute of Technology","$5,800","$7,179","$25,910 - $30,200","$25,290",""
"University of the Fraser Valley","/school/1425","330 Ratings","3.2","3.4","3.4","3.1","2.5","4.1","3.5","2.5","University of the Fraser Valley","ChIJ_Yz_Nb5KhFQRac_kYxebGAY","4.3","264.0","33844 King Rd, Abbotsford, BC V2S 7M7, Canada","University of the Fraser Valley","$4,618 - $8,077","$17,122","$19,290","$25,000","https://www.universitystudy.ca/wp-content/uploads/2019/04/fraser-valley_2-lines_color-logo_200px.png"
"The University of The Fraser valley","/school/18660","","","","","","","","","","The University of The Fraser valley","ChIJ_Yz_Nb5KhFQRac_kYxebGAY","4.3","264.0","33844 King Rd, Abbotsford, BC V2S 7M7, Canada","","","","","",""
"University of the Fraser Valley - Chilliwack","/school/17651","5 Ratings","3.5","4.0","3.6","4.0","2.6","4.6","3.8","2.6","University of the Fraser Valley - Chilliwack","ChIJRV_rct9GhFQRB6sUGq6P01s","4.2","45.0","45190 Caen Ave, Chilliwack, BC V2R 0N3, Canada","University of the Fraser Valley","$4,618 - $8,077","$17,122","$19,290","$25,000","https://www.universitystudy.ca/wp-content/uploads/2019/04/fraser-valley_2-lines_color-logo_200px.png"
"University of the Fraser Valley - Mission","/school/17789","3 Ratings","2.3","2.3","2.3","1.3","1.0","4.0","3.3","1.0","University of the Fraser Valley - Mission","ChIJ9dAUEFIxhFQRb3xvKq2s9LU","4.5","11.0","33700 Prentis Ave, Mission, BC V2V 7B1, Canada","University of the Fraser Valley","$4,618 - $8,077","$17,122","$19,290","$25,000","https://www.universitystudy.ca/wp-content/uploads/2019/04/fraser-valley_2-lines_color-logo_200px.png"
"Universite de Moncton","/school/1442","91 Ratings","3.3","3.2","3.4","3.4","2.9","3.3","3.5","3.0","Universite de Moncton (Moncton)","ChIJJwe26tS-oEwRjHm6BJY8eWI","3.9","81.0","18 Antonine-Maillet Ave, Moncton, NB E1A 3E9, Canada","Universite de Moncton","$6,311 - $7,492","$3,240 - $9,972","$13,730","$6,345 - $18,750","https://www.etudesuniversitaires.ca/wp-content/uploads//2019/04/moncton-2-lines-colour-logo_200px.jpg"
"Universite de Moncton","/school/4828","6 Ratings","3.5","3.0","3.2","3.3","2.2","4.5","3.8","3.3","Universite de Moncton (Edmundston)","ChIJn-WzhZKpvUwRVANR9SVtx1Y","3.9","25.0","165 Bd Hébert, Edmundston, NB E3V 2S8, Canada","Universite de Moncton","$6,311 - $7,492","$3,240 - $9,972","$13,730","$6,345 - $18,750","https://www.etudesuniversitaires.ca/wp-content/uploads//2019/04/moncton-2-lines-colour-logo_200px.jpg"
"MacEwan University","/school/1569","439 Ratings","3.7","3.9","3.8","3.8","3.4","4.1","4.2","3.5","MacEwan University","ChIJA-NGZkoioFMRgLZRZi8cwEo","3.5","11.0","10535 108 St NW, Edmonton, AB T5H 2Z8, Canada","MacEwan University","$6,093 - $6,608","$4,307 - $17,605","$30,100","$22,560 - $30,620","https://www.universitystudy.ca/wp-content/uploads/2019/04/MacEwan_University_logo_colour_200px.jpg"
"Brandon University","/school/1411","65 Ratings","3.1","3.2","3.3","3.0","2.6","3.8","3.5","2.8","Brandon University","ChIJ6aoUBVeX51IRdKPh4o7Wx54","4.2","118.0","270 18th St, Brandon, MB R7A 6A9, Canada","Brandon University","$4,020 - $4,271","$3,203 - $3,506","$14,070 - $15,801","$6,407 - $6,709","https://www.universitystudy.ca/wp-content/uploads/2021/11/Brandon_colour-logo-web-200x.jpg"
"Universite du Quebec a Trois-Rivieres","/school/1465","4 Ratings","0.0","3.8","4.8","4.3","3.3","0.0","4.8","3.3","Universite du Quebec a Trois-Rivieres","ChIJA7utmsvIx0wRqJUDoyjd9TY","4.3","236.0","3351 Bd des Forges, Trois-Rivières, QC G8Z 4M3, Canada","Universite du Quebec, Universite du Quebec a Trois-Rivieres","","","","",""
"Université du Québec à Trois-Rivières","/school/16595","2 Ratings","0.0","2.5","2.5","3.5","3.5","0.0","3.0","3.5","Université du Québec à Trois-Rivières","ChIJA7utmsvIx0wRqJUDoyjd9TY","4.3","236.0","3351 Bd des Forges, Trois-Rivières, QC G8Z 4M3, Canada","","","","","",""
"Trinity Western University","/school/1487","138 Ratings","4.1","4.3","4.2","4.2","3.9","4.6","4.4","4.3","Trinity Western University","ChIJS0uG4g7ShVQRTEPGW60In3o","4.4","204.0","22500 University Dr, Langley Twp, BC V2Y 1Y1, Canada","Western University, Trinity Western University","","","","",""
"Nipissing University","/school/1447","108 Ratings","3.6","3.5","3.9","3.5","3.2","4.1","4.1","3.5","Nipissing University","ChIJCchG79j_KE0Re4vZ6Qh1LvA","4.3","98.0","100 College Dr, North Bay, ON P1B 8L7, Canada","Nipissing University","$9,159 - $9,390*","$7,579 - $8,860*","$31,552 - $39,808*","$19,166 - $28,961*","https://www.universitystudy.ca/wp-content/uploads/2019/04/nipissing_2-lines_color-logo_200px.png"
"Bishop's University","/school/17787","","","","","","","","","","Bishop's University","ChIJuwx4taqyt0wRCTAtggdQpBY","4.5","157.0","2600 Rue College, Sherbrooke, QC J1M 1Z7, Canada","Bishop's University","$2,725 - $8,506","$2,725 - $8,506","$18,779 - $25,456","$18,779 - $25,456","https://www.universitystudy.ca/wp-content/uploads/2019/04/bishops_stacked_color-purple_logo_200px-1.png"
"Royal Military College of Canada","/school/1469","27 Ratings","3.4","4.1","3.3","4.5","3.8","4.9","2.9","3.2","Royal Military College of Canada","ChIJLWFCd_aq0kwR2JvrwXKnntw","4.4","61.0","13 General Crerar Crescent, Kingston, ON K7K 7B4, Canada","Royal Military College of Canada","","","","","https://www.universitystudy.ca/wp-content/uploads/2021/12/RMC_logo-color_web-200x.png"
"Emily Carr University of Art and Design","/school/4481","132 Ratings","2.7","3.4","2.8","2.7","2.1","3.9","2.6","2.2","Emily Carr University of Art and Design","ChIJH6WXuV1xhlQR0PSIpGhUQ0o","4.1","133.0","520 E 1st Ave, Vancouver, BC V5T 0H2, Canada","Emily Carr University of Art and Design","$4,528 - $5,071","$5,749","$17,277 - $19,522","$12,647",""
"Mount Saint Vincent University","/school/1445","170 Ratings","3.3","3.5","3.6","3.4","2.8","3.8","3.7","2.9","Mount Saint Vincent University","ChIJw3f6-PogWksR-nErtYOAE10","4.4","119.0","166 Bedford Hwy, Halifax, NS B3M 2J6, Canada","Mount Saint Vincent University","$7,385 - $8,668","$5,746 - $6,516","$17,335","$11,717","https://www.universitystudy.ca/wp-content/uploads/2023/01/MtStVincent_logo_web200x-1.jpg"
"Capilano University","/school/4003","202 Ratings","3.2","3.3","3.5","3.1","2.4","4.5","3.6","2.6","Capilano University (North Vancouver)","ChIJhw4vVJBxhlQRC_Dpw0NweRA","4.8","5.0","125 Victory Ship Way #250, North Vancouver, BC V7L 0G5, Canada","Capilano University","$4,242 - $4,878","$6,995","$15,810","$14,402","https://www.universitystudy.ca/wp-content/uploads/2021/01/Capilano_logo_horizontal_web-200x.png"
"Capilano University","/school/12916","","","","","","","","","","Capilano University (Squamish)","ChIJ5y6xqTj4hlQR7qNZlakpaLM","","","Carson Pl, Squamish, BC V8B 0B1, Canada","Capilano University","$4,242 - $4,878","$6,995","$15,810","$14,402","https://www.universitystudy.ca/wp-content/uploads/2021/01/Capilano_logo_horizontal_web-200x.png"
"Universite du Quebec a Rimouski - Levis","/school/5880","2 Ratings","3.4","3.5","3.5","3.0","2.5","5.0","3.5","2.5","Universite du Quebec a Rimouski - Levis","ChIJi04WjAOVuEwRi3HkMHfhW1A","4.8","44.0","1595 Bd Alphonse-Desjardins, Lévis, QC G6V 0A6, Canada","Universite du Quebec, Universite du Quebec a Rimouski","","","","",""
"Yorkville University","/school/18054","1 Ratings","3.1","5.0","4.0","2.0","1.0","4.0","4.0","1.0","Yorkville University","ChIJqfXGWRw1K4gRt_7O_hei3fM","5.0","8.0","460 Yonge St, Toronto, ON M4Y 1W9, Canada","Yorkville University","$7,230 - $7,665","$4,725","$21,690 - $22,995","$8,574",""
"Yorkville University - Fredericton","/school/5302","59 Ratings","2.3","2.5","2.3","2.3","1.7","2.7","2.4","2.0","Yorkville University - Fredericton","ChIJPdu6tsojpEwRHUBT_wBJXf4","2.7","3.0","100 Woodside Ln, Fredericton, NB E3C 2R9, Canada","Yorkville University","$7,230 - $7,665","$4,725","$21,690 - $22,995","$8,574",""
"Yorkville University - New Westminster","/school/18047","","","","","","","","","","Yorkville University - New Westminster","ChIJ3Z2uAIFxhlQRhQzrpfbM65E","4.2","365.0","88 6th St, New Westminster, BC V3L 5B3, Canada","Yorkville University","$7,230 - $7,665","$4,725","$21,690 - $22,995","$8,574",""
"Cape Breton University","/school/1418","72 Ratings","3.3","3.1","3.5","3.1","3.0","4.2","3.4","2.8","Cape Breton University","ChIJHf3Bb4_jZ0sR1iLiJGxVIt0","3.9","272.0","1250 Grand Lake Rd, Sydney, NS B1M 1A2, Canada","Cape Breton University","$7,501 - $8,784","$9,709 - $10,992","$17,568","$19,776","https://www.universitystudy.ca/wp-content/uploads/2021/02/Cape-Breton_logo_web-200px.jpg"
"Universite de Saint-Boniface","/school/1472","24 Ratings","3.4","3.5","3.4","3.2","2.5","4.4","3.5","2.7","Universite de Saint-Boniface","ChIJV-IxEzZx6lIR5fWoO-07raE","4.3","60.0","200 Av. de la Cathedrale, Winnipeg, MB R2H 0H7, Canada","Universite de Saint-Boniface","","*","","*","https://www.etudesuniversitaires.ca/wp-content/uploads//2019/04/saint-boniface-color-stacked-logo_200px.png"
"Algoma University","/school/1498","44 Ratings","2.8","2.7","2.8","2.9","2.3","3.2","3.1","2.7","Algoma University","ChIJ4SbGtIlHNk0RU5etQPsAiTA","4.0","238.0","1520 Queen St E, Sault Ste. Marie, ON P6A 2G4, Canada","Algoma University","","","","","https://www.universitystudy.ca/wp-content/uploads/2021/02/Algoma_logo_web-960-px-1.png"
"Ecole nationale d'administration publique","/school/1458","3 Ratings","0.0","4.7","3.3","4.3","3.0","0.0","4.0","4.0","Ecole nationale d'administration publique","ChIJf6-t-nOWuEwRMQvrYLad0kk","4.8","38.0","555 Boulevard Charest E, Québec, QC G1K 9E5, Canada","","","","","",""
"University of King's College","/school/1431","32 Ratings","3.9","4.3","4.4","3.7","3.8","4.8","4.3","4.0","University of King's College","ChIJY3SAICQiWksR_BwLP-20hhk","4.5","44.0","6350 Coburg Rd, Halifax, NS B3H 2A1, Canada","University of King's College","$6,598","$3,533 - $8,756","$24,408","$8,243 - $21,597","https://www.universitystudy.ca/wp-content/uploads/2022/11/Kings-NS_logo_web-200x.jpg"
"Concordia University of Edmonton","/school/1421","104 Ratings","3.6","3.6","3.7","3.6","3.2","4.4","4.0","3.5","Concordia University of Edmonton","ChIJ97DAkeAioFMRgeHNqf5-j-g","4.4","149.0","7128 Ada Blvd NW, Edmonton, AB T5B 4E4, Canada","Concordia University, Concordia University of Edmonton","","","","",""
"Canadian Mennonite University","/school/4120","22 Ratings","3.8","3.6","4.1","3.4","2.8","4.7","4.4","3.8","Canadian Mennonite University","ChIJj0YP_LZ06lIRWXNDgAIVxLw","4.3","49.0","500 Shaftesbury Blvd, Winnipeg, MB R3P 2N2, Canada","Canadian Mennonite University","$6,152","$796","$9,686","$1,233","https://www.universitystudy.ca/wp-content/uploads/2021/02/Cdn-Mennonite_logo_web-200-px.jpg"
"The King's University","/school/1430","41 Ratings","3.6","4.1","3.1","3.8","3.7","4.5","4.3","3.9","The King's University","ChIJwQtRyp8ioFMRiw7h2IIkM8w","4.4","71.0","9125 50 St NW, Edmonton, AB T6B 2H3, Canada","The King's University","$5,760 - $7,950","$16,390*","$10,620 - $17,580","$18,710*","https://www.universitystudy.ca/wp-content/uploads/2021/11/thekingsuniversitylogo-3.png"
"St. Thomas University","/school/1478","108 Ratings","3.8","3.7","4.2","3.7","3.6","4.2","4.2","3.7","St. Thomas University","ChIJefUTNBkipEwRkB4RZY0FTdE","4.3","35.0","51 Dineen Dr, Fredericton, NB E3B 5G3, Canada","St. Thomas University","$6,279 - $6,881","*","$22,000","*","https://www.universitystudy.ca/wp-content/uploads/2022/11/St-Thomas_logo_web-200x.jpg"
"Redeemer University","/school/1633","43 Ratings","3.6","3.7","3.7","3.5","3.3","4.8","4.3","3.8","Redeemer University","ChIJv0Tu4W6FLIgRFBS_IofMWLg","4.2","87.0","777 Garner Rd E, Ancaster, ON L9K 1J4, Canada","Redeemer University","$5,760 - $8,064","*","$20,493 - $27,324","*","https://www.universitystudy.ca/wp-content/uploads/2021/01/Redeemer_logo_200x.png"
"Ambrose University","/school/4917","60 Ratings","2.9","2.9","3.3","2.7","2.6","3.8","3.1","3.1","Ambrose University","ChIJWWQjLOFtcVMRfNATts4p5gU","4.3","55.0","150 Ambrose Cir SW, Calgary, AB T3H 0L5, Canada","Ambrose University","$5,729 - $7,625","$5,302","$38,389 - $42,803","$9,314",""
"University Canada West","/school/11954","59 Ratings","3.1","3.1","3.0","3.0","2.6","3.8","3.0","3.1","University Canada West","ChIJX3fvaIFxhlQR3_qgjYhnja8","3.7","987.0","626 W Pender St #100, Vancouver, BC V6B 1V9, Canada","University Canada West","$6,114","$4,051","$27,895 - $31,775","$4,051",""
"College of the North Atlantic","/school/4053","2 Ratings","2.9","4.0","3.0","3.0","1.0","3.0","3.5","3.0","College of the North Atlantic (Burin)","ChIJHd2U0RR_bUsRVQMsbbvX3m0","4.1","8.0","105 Main St, Burin Bay Arm, NL A0E 1G0, Canada","College of the North Atlantic","$6,045","$6,278","$21,818 - $27,836","$7,919",""
"College of the North Atlantic","/school/4054","","","","","","","","","","College of the North Atlantic (Happy Valley-Goose Bay)","ChIJR9rDUzh6e0wRr70-Vym6Ud4","4.2","5.0","219 Hamilton River Road, Happy Valley-Goose Bay, NL A0P 1E0, Canada","College of the North Atlantic","$6,045","$6,278","$21,818 - $27,836","$7,919",""
"College of the North Atlantic","/school/4055","1 Ratings","0.0","4.0","3.0","4.0","4.0","0.0","5.0","3.0","College of the North Atlantic (Stephenville)","ChIJKS70Ly8je0sRBcXbqliu3GA","3.8","5.0","431 Illinois Dr, Stephenville, NL A2N 3A5, Canada","College of the North Atlantic","$6,045","$6,278","$21,818 - $27,836","$7,919",""
"College of the North Atlantic","/school/4063","","","","","","","","","","College of the North Atlantic (Clarenville)","ChIJg9nMgnl4dEsRA_jLacAet80","4.0","5.0","69 Pleasant, Clarenville, NL A5A 1V9, Canada","College of the North Atlantic","$6,045","$6,278","$21,818 - $27,836","$7,919",""
"College of the North Atlantic","/school/4065","","","","","","","","","","College of the North Atlantic (Gander)","ChIJ58D38O3ydksR1oI1JfDY9B4","3.8","6.0","1 Magee Rd, Gander, NL A1V 1W8, Canada","College of the North Atlantic","$6,045","$6,278","$21,818 - $27,836","$7,919",""
"College of the North Atlantic","/school/4066","1 Ratings","3.6","5.0","2.0","4.0","3.0","5.0","5.0","4.0","College of the North Atlantic (Grand Falls)","ChIJNcxFvG86d0sRZDk-Ny1KGso","5.0","4.0","5 Cromer Ave, Grand Falls-Windsor, NL A2A 1X3, Canada","College of the North Atlantic","$6,045","$6,278","$21,818 - $27,836","$7,919",""
"College of the North Atlantic","/school/4124","2 Ratings","3.4","4.5","3.0","3.5","1.5","4.0","3.5","2.0","College of the North Atlantic (Corner Brook)","ChIJY4Z9jwGue0sRgrNgZM8klhE","2.9","13.0","141 O'Connell Dr, Corner Brook, NL A2H 6H6, Canada","College of the North Atlantic","$6,045","$6,278","$21,818 - $27,836","$7,919",""
"Universite Sainte-Anne","/school/4336","24 Ratings","3.1","2.9","2.8","3.8","2.7","2.9","3.7","3.7","Universite Sainte-Anne","ChIJsZY2KOgrqEwR_4E2ze8t6kE","4.6","56.0","1695 Route 1, Church Point, NS B0W 1M0, Canada","Universite Sainte-Anne","$6,978 - $8,261","$6,978 - $8,261","$11,299","$11,299","https://www.etudesuniversitaires.ca/wp-content/uploads//2019/04/sainte_anne_color-horizontal-logo_200px.png"
"First Nations University of Canada","/school/4036","8 Ratings","3.8","4.1","4.4","4.1","2.6","5.0","4.1","3.5","First Nations University of Canada (Regina)","ChIJIZwzDIagHlMRMIgkoxv2jq0","4.7","46.0","1 First Nations Way, Regina, SK S4S 7K2, Canada","First Nations University of Canada","$4,798","$10,428 - $14,021*","$19,227","$18,360*","https://www.universitystudy.ca/wp-content/uploads/2022/12/First-Nations_logo_web-200x-1.jpg"
"First Nations University of Canada","/school/4072","1 Ratings","0.0","4.0","3.0","3.0","4.0","0.0","5.0","3.0","First Nations University of Canada (Saskatoon)","ChIJV8Eafdb2BFMReXdq7oDJfw8","4.4","7.0","103 Packham Ave, Saskatoon, SK S7N 4K4, Canada","First Nations University of Canada","$4,798","$10,428 - $14,021*","$19,227","$18,360*","https://www.universitystudy.ca/wp-content/uploads/2022/12/First-Nations_logo_web-200x-1.jpg"
"St. Thomas More College","/school/1479","1 Ratings","0.0","4.0","5.0","3.0","4.0","0.0","5.0","3.0","St. Thomas More College","ChIJdSBdCLb2BFMRO2udeHa7g9I","4.5","12.0","1437 College Dr, Saskatoon, SK S7N 0W6, Canada","St. Thomas More College","$4,576","$9,861","$19,218","$14,168","https://www.universitystudy.ca/wp-content/uploads/2019/04/st-thomas-more_2-lines_color_logo_200px.png"
"Université de Hearst","/school/16676","1 Ratings","0.0","4.0","3.0","4.0","2.0","0.0","5.0","5.0","Université de Hearst","ChIJtfh7ySvmP00RNr-01dhQ8rE","5.0","8.0","60 9th St, Hearst, ON P0L 1N0, Canada","","","","","",""
"Aurora College - Yellowknife Campus","/school/4212","4 Ratings","2.8","3.5","2.3","3.0","2.0","3.0","4.3","2.0","Aurora College - Yellowknife Campus","ChIJ60bXy9r20VMRs2y5HuH5cfg","5.0","5.0","5004 54 St, Yellowknife, NT X1A 2R6, Canada","Aurora College","","","","",""
"Kingswood University","/school/15237","5 Ratings","0.0","3.6","3.2","3.2","3.0","0.0","3.4","3.6","Kingswood University","ChIJzWO7cGEip0wRECHl2Jpw1zU","4.0","12.0","26 Western St, Sussex, NB E4E 1E6, Canada","Kingswood University","","","","",""
"Nicola Valley Institute of Technology","/school/13476","3 Ratings","2.8","2.7","2.7","2.3","1.7","3.5","3.0","2.7","Nicola Valley Institute of Technology","ChIJg6E9xOuQgVQR7wPQaq7Z9lE","4.9","18.0","4155 Belshaw St, Merritt, BC V1K 1R1, Canada","Nicola Valley Institute of Technology","","","","",""
"St. Stephen's University","/school/5630","2 Ratings","2.6","3.0","2.5","2.0","1.5","3.0","2.5","3.0","St. Stephen's University","ChIJD5txszD5pUwR6l1HZDZSJVY","4.3","11.0","8 Main St, St Stephen, NB E3L 3E2, Canada","St. Stephen's University","","","","",""
